No,Gu,Code_Dong,Floating(Dong),Floating(Dong)/Floating(Gu),WomenFloting(Dong),WF(Dong)/WF(Gu),WF(Dong)/Floating(Dong),Aroung Market(OX),Average Loan(up/down),Population(Gu),Population(Dong),Risk of new startups,Number of subway passengers (Dong/Year),Number of subway passengers (Dong/Month),Number of subway passengers (Gu/Year),Number of subway passengers (Dong/Month)
1,0,11110515,405984,0.052,97980,0.051,0.241,1,1,164139,13733,52,0,0,213871964,17822664
2,0,11110530,755773,0.097,198200,0.104,0.262,1,1,164139,9702,38,46048729,3837394,213871964,17822664
3,0,11110540,168326,0.022,38850,0.02,0.231,1,1,164139,3122,52,19638303,1636525,213871964,17822664
4,0,11110550,336562,0.043,78449,0.041,0.233,1,1,164139,10785,49,0,0,213871964,17822664
5,0,11110560,484509,0.062,88674,0.046,0.183,1,1,164139,19245,50,0,0,213871964,17822664
6,0,11110570,167765,0.021,30999,0.016,0.185,1,1,164139,8373,53,0,0,213871964,17822664
7,0,11110580,209024,0.027,43854,0.023,0.21,1,1,164139,9614,56,12539175,1044931,213871964,17822664
8,0,11110600,211141,0.027,49191,0.026,0.233,1,1,164139,4705,43,0,0,213871964,17822664
9,0,11110615,1772353,0.227,432676,0.226,0.244,1,1,164139,8557,54,74953513,6246126,213871964,17822664
10,0,11110630,523243,0.067,100990,0.053,0.193,1,1,164139,5718,62,0,0,213871964,17822664
11,0,11110640,606452,0.078,182328,0.095,0.301,1,1,164139,8795,49,31807427,2650619,213871964,17822664
12,0,11110650,953777,0.122,318358,0.166,0.334,1,1,164139,20512,43,0,0,213871964,17822664
13,0,11110670,315738,0.04,63715,0.033,0.202,1,1,164139,6356,49,14535093,1211258,213871964,17822664
14,0,11110680,230220,0.029,40611,0.021,0.176,1,1,164139,10348,41,0,0,213871964,17822664
15,0,11110690,103352,0.013,21938,0.011,0.212,1,1,164139,7564,48,0,0,213871964,17822664
16,0,11110700,194550,0.025,37494,0.02,0.193,1,1,164139,6897,57,6625267,552106,213871964,17822664
17,0,11110710,385620,0.049,88002,0.046,0.228,1,1,164139,10111,52,7724457,643705,213871964,17822664
18,0,11140520,846974,0.117,246080,0.131,0.291,1,1,133868,2724,57,17103307,1425276,312755291,26062941
19,0,11140540,739949,0.102,186605,0.099,0.252,1,1,133868,5973,43,103650566,8637547,312755291,26062941
20,0,11140550,1093594,0.151,345743,0.184,0.316,1,1,133868,3492,49,53662754,4471896,312755291,26062941
21,0,11140570,419387,0.058,113719,0.061,0.271,1,1,133868,4906,53,23643086,1970257,312755291,26062941
22,0,11140580,324484,0.045,97373,0.052,0.3,1,1,133868,5690,46,9160776,763398,312755291,26062941
23,0,11140590,604493,0.083,163090,0.087,0.27,1,1,133868,5912,50,33133845,2761154,312755291,26062941
24,0,11140605,471039,0.065,87357,0.046,0.185,1,1,133868,1806,53,34476579,2873048,312755291,26062941
25,0,11140615,673875,0.093,172395,0.092,0.256,1,1,133868,9582,46,5767823,480652,312755291,26062941
26,0,11140625,397992,0.055,91945,0.049,0.231,1,1,133868,15488,44,1748633,145719,312755291,26062941
27,0,11140635,380337,0.052,81382,0.043,0.214,1,1,133868,18474,57,12869668,1072472,312755291,26062941
28,0,11140645,300309,0.041,65532,0.035,0.218,1,1,133868,15058,46,0,0,312755291,26062941
29,0,11140650,279668,0.038,60296,0.032,0.216,1,1,133868,9938,52,17538254,1461521,312755291,26062941
30,0,11140665,214985,0.03,45991,0.024,0.214,1,1,133868,11410,43,0,0,312755291,26062941
31,0,11140670,324524,0.045,75452,0.04,0.233,1,1,133868,13077,48,0,0,312755291,26062941
32,0,11140680,193678,0.027,46080,0.025,0.238,1,1,133868,10338,50,0,0,312755291,26062941
33,0,11170510,349127,0.048,79269,0.043,0.227,1,0,243924,18935,49,0,0,68918594,5743216
34,0,11170520,285440,0.039,72200,0.039,0.253,1,0,243924,12431,44,5562921,463577,68918594,5743216
35,0,11170530,499837,0.069,133139,0.072,0.266,1,0,243924,8650,43,12220171,1018348,68918594,5743216
36,0,11170555,625100,0.086,211677,0.115,0.339,1,0,243924,21446,52,0,0,68918594,5743216
37,0,11170560,427724,0.059,109451,0.059,0.256,1,0,243924,15067,38,0,0,68918594,5743216
38,0,11170570,315498,0.044,70003,0.038,0.222,1,0,243924,15257,35,0,0,68918594,5743216
39,0,11170580,246113,0.034,63408,0.034,0.258,1,0,243924,9574,44,5155027,429586,68918594,5743216
40,0,11170590,254754,0.035,53427,0.029,0.21,1,0,243924,12754,57,0,0,68918594,5743216
41,0,11170625,1230125,0.17,320496,0.174,0.261,1,0,243924,17316,51,18980967,1581747,68918594,5743216
42,0,11170630,683618,0.094,139494,0.076,0.204,1,0,243924,28920,47,0,0,68918594,5743216
43,0,11170640,164288,0.023,31242,0.017,0.19,1,0,243924,9270,58,0,0,68918594,5743216
44,0,11170650,345440,0.048,98484,0.054,0.285,1,0,243924,8752,43,13635210,1136268,68918594,5743216
45,0,11170660,302733,0.042,84380,0.046,0.279,1,0,243924,10918,47,0,0,68918594,5743216
46,0,11170685,812243,0.112,224715,0.122,0.277,1,0,243924,23620,49,5872971,489414,68918594,5743216
47,0,11170690,431980,0.06,85968,0.047,0.199,1,0,243924,14361,60,7491327,624277,68918594,5743216
48,0,11170700,271413,0.037,62594,0.034,0.231,1,0,243924,16654,43,0,0,68918594,5743216
49,0,11200520,338539,0.04,81029,0.04,0.239,1,0,312492,17603,49,9223526,768627,110544081,9212007
50,0,11200535,510723,0.06,118452,0.059,0.232,1,0,312492,27362,57,0,0,110544081,9212007
51,0,11200540,648849,0.076,141397,0.07,0.218,1,0,312492,24291,53,4502573,375214,110544081,9212007
52,0,11200550,665870,0.078,215958,0.107,0.324,1,0,312492,12869,48,0,0,110544081,9212007
53,0,11200560,787128,0.092,207319,0.103,0.263,1,0,312492,14449,39,26180644,2181720,110544081,9212007
54,0,11200570,420330,0.049,91650,0.045,0.218,1,0,312492,25454,51,5773233,481103,110544081,9212007
55,0,11200580,333366,0.039,70456,0.035,0.211,1,0,312492,16701,42,0,0,110544081,9212007
56,0,11200590,388688,0.046,89409,0.044,0.23,1,0,312492,13274,48,4381526,365127,110544081,9212007
57,0,11200615,556792,0.065,117180,0.058,0.21,1,0,312492,24713,58,0,0,110544081,9212007
58,0,11200620,223498,0.026,45871,0.023,0.205,1,0,312492,14492,38,6074277,506190,110544081,9212007
59,0,11200645,760274,0.089,175469,0.087,0.231,1,0,312492,27364,42,7534395,627866,110544081,9212007
60,0,11200650,416517,0.049,91320,0.045,0.219,1,0,312492,17489,58,0,0,110544081,9212007
61,0,11200660,491275,0.058,124286,0.062,0.253,1,0,312492,16621,47,12247879,1020657,110544081,9212007
62,0,11200670,492941,0.058,98959,0.049,0.201,1,0,312492,18940,47,0,0,110544081,9212007
63,0,11200690,701928,0.082,177674,0.088,0.253,1,0,312492,12066,55,19824647,1652054,110544081,9212007
64,0,11200720,243896,0.029,55311,0.027,0.227,1,0,312492,11985,56,0,0,110544081,9212007
65,0,11200790,538477,0.063,118396,0.059,0.22,1,0,312492,16819,49,14801381,1233448,110544081,9212007
66,0,11215710,1079673,0.114,390337,0.167,0.362,1,0,372147,24555,53,59074471,4922873,163492274,13624356
67,0,11215730,514116,0.054,143093,0.061,0.278,1,0,372147,21997,48,0,0,163492274,13624356
68,0,11215740,378268,0.04,87072,0.037,0.23,1,0,372147,16372,40,7212908,601076,163492274,13624356
69,0,11215750,434003,0.046,104834,0.045,0.242,1,0,372147,22859,50,0,0,163492274,13624356
70,0,11215760,397972,0.042,80825,0.035,0.203,1,0,372147,17954,32,0,0,163492274,13624356
71,0,11215770,682410,0.072,142963,0.061,0.209,1,0,372147,31648,40,0,0,163492274,13624356
72,0,11215780,407833,0.043,108870,0.046,0.267,1,0,372147,11772,39,28557002,2379750,163492274,13624356
73,0,11215810,964117,0.102,207578,0.089,0.215,1,0,372147,36570,50,10016541,834712,163492274,13624356
74,0,11215820,698538,0.074,181325,0.077,0.26,1,0,372147,24172,41,0,0,163492274,13624356
75,0,11215830,593593,0.063,129677,0.055,0.218,1,0,372147,27745,40,0,0,163492274,13624356
76,0,11215840,569703,0.06,129341,0.055,0.227,1,0,372147,30546,56,6769987,564166,163492274,13624356
77,0,11215847,716363,0.076,182800,0.078,0.255,1,0,372147,26313,38,0,0,163492274,13624356
78,0,11215850,574291,0.061,143124,0.061,0.249,1,0,372147,23443,43,0,0,163492274,13624356
79,0,11215860,572819,0.061,121303,0.052,0.212,1,0,372147,25957,42,0,0,163492274,13624356
80,0,11215870,862896,0.091,189153,0.081,0.219,1,0,372147,30244,43,51861365,4321780,163492274,13624356
81,0,11230536,1062179,0.115,224377,0.106,0.211,1,0,367277,33151,53,15946954,1328913,64859517,5404960
82,0,11230545,899494,0.098,180397,0.085,0.201,1,0,367277,28011,60,14695837,1224653,64859517,5404960
83,0,11230560,892158,0.097,192727,0.091,0.216,1,0,367277,30183,52,0,0,64859517,5404960
84,0,11230570,394870,0.043,88913,0.042,0.225,1,0,367277,20487,39,0,0,64859517,5404960
85,0,11230600,566467,0.062,119863,0.057,0.212,1,0,367277,25121,53,0,0,64859517,5404960
86,0,11230610,554093,0.06,105135,0.05,0.19,1,0,367277,29852,45,0,0,64859517,5404960
87,0,11230650,897836,0.098,185567,0.088,0.207,1,0,367277,39496,54,13589625,1132469,64859517,5404960
88,0,11230660,663647,0.072,134642,0.064,0.203,1,0,367277,31385,44,0,0,64859517,5404960
89,0,11230705,527154,0.057,96653,0.046,0.183,1,0,367277,23213,48,20627101,1718925,64859517,5404960
90,0,11230710,602229,0.065,200844,0.095,0.334,1,0,367277,12423,47,0,0,64859517,5404960
91,0,11230720,436267,0.047,121831,0.058,0.279,1,0,367277,14630,49,0,0,64859517,5404960
92,0,11230730,523991,0.057,128663,0.061,0.246,1,0,367277,25336,35,0,0,64859517,5404960
93,0,11230740,731883,0.08,239570,0.113,0.327,1,0,367277,31480,38,0,0,64859517,5404960
94,0,11230750,449587,0.049,92641,0.044,0.206,1,0,367277,22507,45,0,0,64859517,5404960
95,0,11260520,518337,0.06,98120,0.057,0.189,0,0,414039,27203,50,0,0,62480979,5206748
96,0,11260540,445976,0.051,88167,0.051,0.198,0,0,414039,21450,48,4525979,377165,62480979,5206748
97,0,11260550,275991,0.032,48331,0.028,0.175,0,0,414039,10528,41,0,0,62480979,5206748
98,0,11260565,777684,0.089,156989,0.091,0.202,0,0,414039,36876,45,11549630,962469,62480979,5206748
99,0,11260570,461354,0.053,83552,0.048,0.181,0,0,414039,22806,44,0,0,62480979,5206748
100,0,11260575,505111,0.058,99421,0.058,0.197,0,0,414039,27814,34,11529743,960812,62480979,5206748
101,0,11260580,519632,0.06,113744,0.066,0.219,0,0,414039,25989,49,12365023,1030419,62480979,5206748
102,0,11260590,671328,0.077,155665,0.09,0.232,0,0,414039,18808,51,0,0,62480979,5206748
103,0,11260600,407447,0.047,79710,0.046,0.196,0,0,414039,21203,49,8071307,672609,62480979,5206748
104,0,11260610,646550,0.074,121904,0.071,0.189,0,0,414039,28679,43,0,0,62480979,5206748
105,0,11260620,696180,0.08,144145,0.083,0.207,0,0,414039,35944,50,7695713,641309,62480979,5206748
106,0,11260630,458550,0.053,96515,0.056,0.21,0,0,414039,20402,46,0,0,62480979,5206748
107,0,11260655,757501,0.087,142371,0.082,0.188,0,0,414039,32617,41,0,0,62480979,5206748
108,0,11260660,316938,0.036,59934,0.035,0.189,0,0,414039,18799,62,0,0,62480979,5206748
109,0,11260680,789753,0.091,149866,0.087,0.19,0,0,414039,41755,57,6743584,561965,62480979,5206748
110,0,11260690,449358,0.052,87860,0.051,0.196,0,0,414039,23166,50,0,0,62480979,5206748
111,0,11290525,491390,0.046,104044,0.042,0.212,1,0,457648,18071,43,0,0,92486856,7707238
112,0,11290555,741914,0.07,201865,0.081,0.272,1,0,457648,27236,45,11893888,991157,92486856,7707238
113,0,11290575,693007,0.065,247418,0.1,0.357,1,0,457648,16649,44,18585744,1548812,92486856,7707238
114,0,11290580,407275,0.038,83585,0.034,0.205,1,0,457648,16774,48,0,0,92486856,7707238
115,0,11290590,301193,0.028,59815,0.024,0.199,1,0,457648,25200,40,0,0,92486856,7707238
116,0,11290600,750337,0.071,231970,0.093,0.309,1,0,457648,17646,36,17072646,1422721,92486856,7707238
117,0,11290610,431155,0.041,95236,0.038,0.221,1,0,457648,17261,46,5772692,481058,92486856,7707238
118,0,11290620,383318,0.036,81094,0.033,0.212,1,0,457648,18949,41,0,0,92486856,7707238
119,0,11290630,509529,0.048,103581,0.042,0.203,1,0,457648,24489,50,0,0,92486856,7707238
120,0,11290640,492373,0.046,126764,0.051,0.257,1,0,457648,17463,57,0,0,92486856,7707238
121,0,11290650,478720,0.045,103664,0.042,0.217,1,0,457648,27446,48,0,0,92486856,7707238
122,0,11290660,792144,0.074,168916,0.068,0.213,1,0,457648,37807,40,18823013,1568584,92486856,7707238
123,0,11290685,338763,0.032,72388,0.029,0.214,1,0,457648,12375,50,0,0,92486856,7707238
124,0,11290705,945407,0.089,208380,0.084,0.22,1,0,457648,43051,48,0,0,92486856,7707238
125,0,11290715,521853,0.049,105790,0.043,0.203,1,0,457648,28176,55,9296239,774687,92486856,7707238
126,0,11290725,675541,0.063,167454,0.067,0.248,1,0,457648,20885,48,4401336,366778,92486856,7707238
127,0,11290760,443995,0.042,85810,0.035,0.193,1,0,457648,21439,49,0,0,92486856,7707238
128,0,11290770,355064,0.033,65242,0.026,0.184,1,0,457648,19421,54,0,0,92486856,7707238
129,0,11290780,189319,0.018,32779,0.013,0.173,1,0,457648,12563,52,0,0,92486856,7707238
130,0,11290810,699338,0.066,137966,0.056,0.197,1,0,457648,34747,45,6641298,553442,92486856,7707238
131,0,11305534,607599,0.083,110191,0.077,0.181,1,0,329016,29284,47,0,0,67607438,5633953
132,0,11305535,575977,0.079,119235,0.083,0.207,1,0,329016,23490,49,13106546,1092212,67607438,5633953
133,0,11305545,815390,0.112,168391,0.117,0.207,1,0,329016,30296,56,23032224,1919352,67607438,5633953
134,0,11305555,684145,0.094,128337,0.089,0.188,1,0,329016,30076,52,0,0,67607438,5633953
135,0,11305575,573818,0.079,114485,0.08,0.2,1,0,329016,33921,49,0,0,67607438,5633953
136,0,11305590,487067,0.067,105598,0.073,0.217,1,0,329016,20026,44,0,0,67607438,5633953
137,0,11305600,293136,0.04,57784,0.04,0.197,1,0,329016,18020,50,0,0,67607438,5633953
138,0,11305606,383067,0.053,66609,0.046,0.174,1,0,329016,19497,46,0,0,67607438,5633953
139,0,11305610,494116,0.068,93516,0.065,0.189,1,0,329016,22548,41,0,0,67607438,5633953
140,0,11305620,502954,0.069,97411,0.068,0.194,1,0,329016,22480,57,0,0,67607438,5633953
141,0,11305630,726224,0.1,164472,0.114,0.226,1,0,329016,24275,46,31468668,2622389,67607438,5633953
142,0,11305645,435621,0.06,87118,0.061,0.2,1,0,329016,21977,37,0,0,67607438,5633953
143,0,11305660,699969,0.096,125823,0.087,0.18,1,0,329016,33125,39,0,0,67607438,5633953
144,0,11320511,531428,0.075,108774,0.081,0.205,0,0,347171,27441,43,23067255,1922271,52989213,4415768
145,0,11320512,668115,0.095,134427,0.1,0.201,0,0,347171,31708,50,0,0,52989213,4415768
146,0,11320513,309065,0.044,57237,0.043,0.185,0,0,347171,15380,45,0,0,52989213,4415768
147,0,11320514,784925,0.111,146854,0.109,0.187,0,0,347171,28962,39,22383077,1865256,52989213,4415768
148,0,11320515,644228,0.091,124588,0.093,0.193,0,0,347171,26541,37,0,0,52989213,4415768
149,0,11320521,422371,0.06,67227,0.05,0.159,0,0,347171,23448,44,0,0,52989213,4415768
150,0,11320522,530989,0.075,93414,0.07,0.176,0,0,347171,29338,50,7538881,628240,52989213,4415768
151,0,11320660,492101,0.07,120897,0.09,0.246,0,0,347171,22320,42,0,0,52989213,4415768
152,0,11320670,451878,0.064,85894,0.064,0.19,0,0,347171,20748,36,0,0,52989213,4415768
153,0,11320680,374431,0.053,78506,0.059,0.21,0,0,347171,17560,40,0,0,52989213,4415768
154,0,11320681,345753,0.049,65929,0.049,0.191,0,0,347171,20525,40,0,0,52989213,4415768
155,0,11320690,580161,0.082,106636,0.079,0.184,0,0,347171,30903,34,0,0,52989213,4415768
156,0,11320700,367391,0.052,61851,0.046,0.168,0,0,347171,22344,51,0,0,52989213,4415768
157,0,11320710,537974,0.076,89723,0.067,0.167,0,0,347171,29952,55,0,0,52989213,4415768
158,0,11350560,624532,0.049,125564,0.047,0.201,0,0,562255,24236,43,9740532,811711,130074533,10839544
159,0,11350570,497537,0.039,97875,0.037,0.197,0,0,562255,27365,46,0,0,130074533,10839544
160,0,11350580,606303,0.048,118921,0.045,0.196,0,0,562255,33485,47,0,0,130074533,10839544
161,0,11350595,1095206,0.087,241518,0.091,0.221,0,0,562255,40170,40,20294232,1691186,130074533,10839544
162,0,11350600,1270636,0.1,315284,0.119,0.248,0,0,562255,42978,45,8498305,708192,130074533,10839544
163,0,11350611,694675,0.055,144530,0.055,0.208,0,0,562255,29972,47,14451269,1204272,130074533,10839544
164,0,11350612,466863,0.037,98458,0.037,0.211,0,0,562255,24475,56,0,0,130074533,10839544
165,0,11350619,502591,0.04,105677,0.04,0.21,0,0,562255,27591,45,0,0,130074533,10839544
166,0,11350621,595510,0.047,120818,0.046,0.203,0,0,562255,28899,37,0,0,130074533,10839544
167,0,11350624,470089,0.037,81946,0.031,0.174,0,0,562255,22195,38,0,0,130074533,10839544
168,0,11350625,925772,0.073,194627,0.074,0.21,0,0,562255,38968,45,0,0,130074533,10839544
169,0,11350630,901490,0.071,166549,0.063,0.185,0,0,562255,41994,42,18781289,1565107,130074533,10839544
170,0,11350640,701360,0.055,157394,0.06,0.224,0,0,562255,22075,49,33808604,2817384,130074533,10839544
171,0,11350665,499936,0.04,82591,0.031,0.165,0,0,562255,28258,38,9476956,789746,130074533,10839544
172,0,11350670,541853,0.043,98198,0.037,0.181,0,0,562255,27264,46,15023346,1251946,130074533,10839544
173,0,11350695,1043281,0.082,227228,0.086,0.218,0,0,562255,36259,49,0,0,130074533,10839544
174,0,11350700,390526,0.031,88266,0.033,0.226,0,0,562255,25295,45,0,0,130074533,10839544
175,0,11350710,421761,0.033,88048,0.033,0.209,0,0,562255,22999,51,0,0,130074533,10839544
176,0,11350720,401607,0.032,90488,0.034,0.225,0,0,562255,17775,42,0,0,130074533,10839544
177,0,11380510,780090,0.073,159647,0.073,0.205,1,0,491979,33052,53,11904001,992000,123951965,10329330
178,0,11380520,882281,0.083,169688,0.077,0.192,1,0,491979,42498,40,21226025,1768835,123951965,10329330
179,0,11380530,501394,0.047,95159,0.043,0.19,1,0,491979,30134,45,0,0,123951965,10329330
180,0,11380551,600525,0.056,124392,0.057,0.207,1,0,491979,25696,52,30238789,2519899,123951965,10329330
181,0,11380552,683886,0.064,154599,0.07,0.226,1,0,491979,30928,40,0,0,123951965,10329330
182,0,11380560,633707,0.059,131360,0.06,0.207,1,0,491979,33898,45,5246258,437188,123951965,10329330
183,0,11380570,857987,0.08,182345,0.083,0.213,1,0,491979,33489,51,0,0,123951965,10329330
184,0,11380580,570781,0.053,124626,0.057,0.218,1,0,491979,26607,51,0,0,123951965,10329330
185,0,11380590,381865,0.036,81611,0.037,0.214,1,0,491979,20718,44,0,0,123951965,10329330
186,0,11380600,583520,0.055,119208,0.054,0.204,1,0,491979,26797,43,0,0,123951965,10329330
187,0,11380625,1068401,0.1,227927,0.104,0.213,1,0,491979,50568,44,0,0,123951965,10329330
188,0,11380631,587133,0.055,120187,0.055,0.205,1,0,491979,28266,43,22800811,1900068,123951965,10329330
189,0,11380632,409089,0.038,73223,0.033,0.179,1,0,491979,22224,42,0,0,123951965,10329330
190,0,11380640,291862,0.027,55565,0.025,0.19,1,0,491979,17528,42,18473927,1539494,123951965,10329330
191,0,11380650,306680,0.029,65473,0.03,0.213,1,0,491979,14645,50,0,0,123951965,10329330
192,0,11380690,1531858,0.144,311625,0.142,0.203,1,0,491979,54932,49,14062154,1171846,123951965,10329330
193,0,11410520,434236,0.046,85335,0.034,0.197,1,0,325973,19413,37,6043460,503622,35376518,2948043
194,0,11410555,860364,0.091,229726,0.091,0.267,1,0,325973,17342,47,0,0,35376518,2948043
195,0,11410565,1032292,0.11,288797,0.115,0.28,1,0,325973,18807,47,11979529,998294,35376518,2948043
196,0,11410585,1740109,0.185,752314,0.299,0.432,1,0,325973,23260,49,0,0,35376518,2948043
197,0,11410615,1058703,0.112,281766,0.112,0.266,1,0,325973,40925,41,0,0,35376518,2948043
198,0,11410620,664596,0.071,131342,0.052,0.198,1,0,325973,24698,52,14265066,1188756,35376518,2948043
199,0,11410640,433707,0.046,80095,0.032,0.185,1,0,325973,17469,43,0,0,35376518,2948043
200,0,11410655,184430,0.02,34649,0.014,0.188,1,0,325973,15082,46,3088463,257372,35376518,2948043
201,0,11410660,338323,0.036,62741,0.025,0.185,1,0,325973,23480,39,0,0,35376518,2948043
202,0,11410685,626245,0.067,138159,0.055,0.221,1,0,325973,30256,45,0,0,35376518,2948043
203,0,11410690,389120,0.041,75836,0.03,0.195,1,0,325973,17234,60,0,0,35376518,2948043
204,0,11410700,479409,0.051,117323,0.047,0.245,1,0,325973,23279,38,0,0,35376518,2948043
205,0,11410710,334997,0.036,70307,0.028,0.21,1,0,325973,19840,37,0,0,35376518,2948043
206,0,11410720,836877,0.089,167330,0.067,0.2,1,0,325973,34887,42,0,0,35376518,2948043
207,0,11440555,721960,0.062,182928,0.056,0.253,1,0,387378,25699,45,35223562,2935297,248690250,20724188
208,0,11440565,900235,0.078,222555,0.068,0.247,1,0,387378,40746,48,0,0,248690250,20724188
209,0,11440585,560104,0.048,135371,0.041,0.242,1,0,387378,23161,51,0,0,248690250,20724188
210,0,11440590,618526,0.053,141201,0.043,0.228,1,0,387378,22479,45,10316999,859750,248690250,20724188
211,0,11440600,704797,0.061,233414,0.071,0.331,1,0,387378,14036,41,21442186,1786849,248690250,20724188
212,0,11440610,287419,0.025,75797,0.023,0.264,1,0,387378,11472,57,0,0,248690250,20724188
213,0,11440630,480810,0.042,107073,0.033,0.223,1,0,387378,21917,50,0,0,248690250,20724188
214,0,11440655,719488,0.062,210475,0.064,0.293,1,0,387378,26196,45,25248992,2104083,248690250,20724188
215,0,11440660,1999649,0.173,753498,0.229,0.377,1,0,387378,26842,42,130842315,10903526,248690250,20724188
216,0,11440680,546963,0.047,167725,0.051,0.307,1,0,387378,20011,42,0,0,248690250,20724188
217,0,11440690,468212,0.04,126055,0.038,0.269,1,0,387378,21907,53,10398207,866517,248690250,20724188
218,0,11440700,445691,0.039,109632,0.033,0.246,1,0,387378,20235,54,0,0,248690250,20724188
219,0,11440710,491801,0.043,152913,0.046,0.311,1,0,387378,18075,46,0,0,248690250,20724188
220,0,11440720,524758,0.045,142582,0.043,0.272,1,0,387378,20611,50,0,0,248690250,20724188
221,0,11440730,944500,0.082,224617,0.068,0.238,1,0,387378,40513,36,15217989,1268166,248690250,20724188
222,0,11440740,1152783,0.1,307098,0.093,0.266,1,0,387378,33479,43,0,0,248690250,20724188
223,0,11470510,1178292,0.124,276523,0.142,0.235,1,0,476588,32718,46,32811991,2734333,45162707,3763559
224,0,11470520,611416,0.064,140674,0.072,0.23,1,0,476588,31979,49,0,0,45162707,3763559
225,0,11470530,483579,0.051,106591,0.055,0.22,1,0,476588,22254,46,0,0,45162707,3763559
226,0,11470540,392981,0.041,81457,0.042,0.207,1,0,476588,27757,41,0,0,45162707,3763559
227,0,11470550,1014377,0.107,210274,0.108,0.207,1,0,476588,43753,49,0,0,45162707,3763559
228,0,11470560,378074,0.04,70790,0.036,0.187,1,0,476588,23038,51,0,0,45162707,3763559
229,0,11470570,371737,0.039,69134,0.035,0.186,1,0,476588,23361,47,0,0,45162707,3763559
230,0,11470580,341084,0.036,60927,0.031,0.179,1,0,476588,17798,51,0,0,45162707,3763559
231,0,11470590,331363,0.035,60711,0.031,0.183,1,0,476588,19723,46,0,0,45162707,3763559
232,0,11470600,285731,0.03,55708,0.029,0.195,1,0,476588,16170,51,0,0,45162707,3763559
233,0,11470610,147405,0.016,27201,0.014,0.185,1,0,476588,7139,54,0,0,45162707,3763559
234,0,11470611,469332,0.049,79602,0.041,0.17,1,0,476588,23271,46,0,0,45162707,3763559
235,0,11470620,388162,0.041,79445,0.041,0.205,1,0,476588,21897,47,0,0,45162707,3763559
236,0,11470630,350998,0.037,70106,0.036,0.2,1,0,476588,21284,51,0,0,45162707,3763559
237,0,11470640,903307,0.095,179218,0.092,0.198,1,0,476588,51234,52,7194261,599522,45162707,3763559
238,0,11470650,817830,0.086,178151,0.091,0.218,1,0,476588,36530,44,0,0,45162707,3763559
239,0,11470670,453570,0.048,93113,0.048,0.205,1,0,476588,25759,48,0,0,45162707,3763559
240,0,11470680,566492,0.06,111172,0.057,0.196,1,0,476588,30921,45,5156455,429705,45162707,3763559
241,0,11500510,780464,0.059,183782,0.062,0.235,1,0,607652,40981,36,0,0,89793977,7482831
242,0,11500520,485983,0.037,127024,0.043,0.261,1,0,607652,23448,43,0,0,89793977,7482831
243,0,11500530,384839,0.029,81973,0.028,0.213,1,0,607652,22176,59,0,0,89793977,7482831
244,0,11500535,785212,0.06,179150,0.06,0.228,1,0,607652,34322,52,0,0,89793977,7482831
245,0,11500540,1193826,0.09,273223,0.092,0.229,1,0,607652,54821,45,20773408,1731117,89793977,7482831
246,0,11500550,359586,0.027,76654,0.026,0.213,1,0,607652,20397,41,0,0,89793977,7482831
247,0,11500560,396727,0.03,89681,0.03,0.226,1,0,607652,22993,40,0,0,89793977,7482831
248,0,11500570,449971,0.034,92307,0.031,0.205,1,0,607652,23192,52,0,0,89793977,7482831
249,0,11500590,686817,0.052,153717,0.052,0.224,1,0,607652,36626,43,0,0,89793977,7482831
250,0,11500591,588527,0.045,126344,0.043,0.215,1,0,607652,25139,46,0,0,89793977,7482831
251,0,11500593,710217,0.054,165652,0.056,0.233,1,0,607652,27137,49,21357700,1779808,89793977,7482831
252,0,11500603,869235,0.066,225755,0.076,0.26,1,0,607652,31875,50,14489823,1207485,89793977,7482831
253,0,11500604,344214,0.026,68936,0.023,0.2,1,0,607652,16346,46,0,0,89793977,7482831
254,0,11500605,316227,0.024,72638,0.024,0.23,1,0,607652,16948,59,0,0,89793977,7482831
255,0,11500611,827512,0.063,183753,0.062,0.222,1,0,607652,39509,44,11363776,946981,89793977,7482831
256,0,11500615,901089,0.068,211309,0.071,0.235,1,0,607652,46828,37,0,0,89793977,7482831
257,0,11500620,954615,0.072,203886,0.069,0.214,1,0,607652,27889,53,6792723,566060,89793977,7482831
258,0,11500630,845367,0.064,179596,0.06,0.212,1,0,607652,46613,39,5366681,447223,89793977,7482831
259,0,11500640,830385,0.063,185588,0.062,0.223,1,0,607652,24890,40,0,0,89793977,7482831
260,0,11500641,483587,0.037,91677,0.031,0.19,1,0,607652,25523,46,9649866,804156,89793977,7482831
261,0,11530510,849109,0.088,210471,0.101,0.248,1,0,443539,37926,53,45232034,3769336,146656722,12221394
262,0,11530520,387492,0.04,83778,0.04,0.216,1,0,443539,22419,55,11922477,993540,146656722,12221394
263,0,11530530,910136,0.094,187750,0.09,0.206,1,0,443539,35977,45,0,0,146656722,12221394
264,0,11530540,1091713,0.113,291349,0.139,0.267,1,0,443539,27767,33,45473367,3789447,146656722,12221394
265,0,11530550,445117,0.046,93286,0.045,0.21,1,0,443539,27772,46,30424616,2535385,146656722,12221394
266,0,11530560,896710,0.093,222643,0.107,0.248,1,0,443539,34503,51,0,0,146656722,12221394
267,0,11530595,229503,0.024,45711,0.022,0.199,1,0,443539,16432,47,0,0,146656722,12221394
268,0,11530720,626229,0.065,127256,0.061,0.203,1,0,443539,25036,49,0,0,146656722,12221394
269,0,11530730,474989,0.049,90760,0.043,0.191,1,0,443539,30257,62,0,0,146656722,12221394
270,0,11530740,651804,0.068,120310,0.058,0.185,1,0,443539,35351,42,0,0,146656722,12221394
271,0,11530750,647830,0.067,130543,0.062,0.202,1,0,443539,34419,47,0,0,146656722,12221394
272,0,11530760,409385,0.043,76577,0.037,0.187,1,0,443539,22365,53,0,0,146656722,12221394
273,0,11530770,357754,0.037,77173,0.037,0.216,1,0,443539,21713,45,5993518,499460,146656722,12221394
274,0,11530780,1054229,0.109,206557,0.099,0.196,1,0,443539,45628,30,0,0,146656722,12221394
275,0,11530790,599607,0.062,125077,0.06,0.209,1,0,443539,25974,36,7610710,634226,146656722,12221394
276,0,11545510,1523953,0.28,394174,0.34,0.259,0,0,253949,23207,37,28244762,2353730,28244762,2353730
277,0,11545610,754668,0.139,160608,0.139,0.213,0,0,253949,39132,38,0,0,28244762,2353730
278,0,11545620,333687,0.061,63083,0.054,0.189,0,0,253949,22734,53,0,0,28244762,2353730
279,0,11545630,500348,0.092,101514,0.088,0.203,0,0,253949,30636,43,0,0,28244762,2353730
280,0,11545640,293442,0.054,57841,0.05,0.197,0,0,253949,18963,57,0,0,28244762,2353730
281,0,11545670,745261,0.137,140405,0.121,0.188,0,0,253949,37888,51,0,0,28244762,2353730
282,0,11545680,356642,0.066,70215,0.061,0.197,0,0,253949,23836,50,0,0,28244762,2353730
283,0,11545690,295776,0.054,52487,0.045,0.177,0,0,253949,12128,46,0,0,28244762,2353730
284,0,11545700,329737,0.061,60517,0.052,0.184,0,0,253949,23267,42,0,0,28244762,2353730
285,0,11545710,302202,0.056,57207,0.049,0.189,0,0,253949,22158,57,0,0,28244762,2353730
286,0,11560515,580975,0.05,126543,0.047,0.218,1,0,402300,25841,39,0,0,77360565,6446714
287,0,11560535,1268294,0.109,341816,0.127,0.27,1,0,402300,22659,44,6594880,549573,77360565,6446714
288,0,11560540,2323464,0.199,559998,0.207,0.241,1,0,402300,33766,50,0,0,77360565,6446714
289,0,11560550,565182,0.048,125545,0.047,0.222,1,0,402300,21315,36,18454917,1537910,77360565,6446714
290,0,11560560,1054093,0.09,279450,0.104,0.265,1,0,402300,35594,44,16470466,1372539,77360565,6446714
291,0,11560585,384431,0.033,79745,0.03,0.207,1,0,402300,22493,37,0,0,77360565,6446714
292,0,11560605,1012387,0.087,233360,0.086,0.231,1,0,402300,31656,44,13779559,1148297,77360565,6446714
293,0,11560610,482848,0.041,114379,0.042,0.237,1,0,402300,17229,48,4477809,373151,77360565,6446714
294,0,11560620,680169,0.058,171605,0.064,0.252,1,0,402300,22773,36,0,0,77360565,6446714
295,0,11560630,435080,0.037,90960,0.034,0.209,1,0,402300,21026,54,17582934,1465245,77360565,6446714
296,0,11560650,377417,0.032,68059,0.025,0.18,1,0,402300,17809,44,0,0,77360565,6446714
297,0,11560660,165008,0.014,28787,0.011,0.174,1,0,402300,10767,51,0,0,77360565,6446714
298,0,11560670,186980,0.016,33401,0.012,0.179,1,0,402300,13517,53,0,0,77360565,6446714
299,0,11560680,480631,0.041,100700,0.037,0.21,1,0,402300,20272,33,0,0,77360565,6446714
300,0,11560690,328255,0.028,69007,0.026,0.21,1,0,402300,16933,50,0,0,77360565,6446714
301,0,11560700,311729,0.027,61675,0.023,0.198,1,0,402300,16968,52,0,0,77360565,6446714
302,0,11560710,361249,0.031,77537,0.029,0.215,1,0,402300,21847,52,0,0,77360565,6446714
303,0,11560720,671480,0.058,137027,0.051,0.204,1,0,402300,29834,47,0,0,77360565,6446714
304,0,11590510,1174915,0.117,322794,0.136,0.275,1,0,410138,33014,48,0,0,151724247,12643687
305,0,11590520,482664,0.048,110518,0.047,0.229,1,0,410138,14683,44,0,0,151724247,12643687
306,0,11590530,1257404,0.126,320899,0.135,0.255,1,0,410138,48428,36,19320866,1610072,151724247,12643687
307,0,11590540,554783,0.055,120547,0.051,0.217,1,0,410138,27632,53,8044782,670399,151724247,12643687
308,0,11590550,442751,0.044,99857,0.042,0.226,1,0,410138,26306,48,0,0,151724247,12643687
309,0,11590560,557836,0.056,112498,0.047,0.202,1,0,410138,30350,48,0,0,151724247,12643687
310,0,11590605,922635,0.092,241272,0.102,0.262,1,0,410138,34556,36,0,0,151724247,12643687
311,0,11590620,672461,0.067,164706,0.069,0.245,1,0,410138,23954,50,73570154,6130846,151724247,12643687
312,0,11590630,919523,0.092,185883,0.078,0.202,1,0,410138,29126,41,18983735,1581978,151724247,12643687
313,0,11590640,433937,0.043,88582,0.037,0.204,1,0,410138,24678,51,0,0,151724247,12643687
314,0,11590650,335899,0.034,76037,0.032,0.226,1,0,410138,15000,38,0,0,151724247,12643687
315,0,11590651,240275,0.024,56433,0.024,0.235,1,0,410138,13341,45,0,0,151724247,12643687
316,0,11590660,953641,0.095,217648,0.092,0.228,1,0,410138,40708,56,11575829,964652,151724247,12643687
317,0,11590670,410977,0.041,91753,0.039,0.223,1,0,410138,27430,41,20228881,1685740,151724247,12643687
318,0,11590680,655302,0.065,160532,0.068,0.245,1,0,410138,20931,52,0,0,151724247,12643687
319,0,11620525,513653,0.043,120779,0.04,0.235,1,1,522546,26607,60,0,0,175712801,14642733
320,0,11620545,225270,0.019,46753,0.016,0.208,1,1,522546,16768,47,0,0,175712801,14642733
321,0,11620565,668361,0.056,140649,0.047,0.21,1,1,522546,33688,43,0,0,175712801,14642733
322,0,11620575,682836,0.057,187582,0.063,0.275,1,1,522546,30497,56,59696638,4974720,175712801,14642733
323,0,11620585,669137,0.056,213085,0.071,0.318,1,1,522546,17940,51,0,0,175712801,14642733
324,0,11620595,874544,0.073,249116,0.083,0.285,1,1,522546,29437,44,0,0,175712801,14642733
325,0,11620605,662985,0.055,147462,0.049,0.222,1,1,522546,35930,47,16300491,1358374,175712801,14642733
326,0,11620615,359050,0.03,99481,0.033,0.277,1,1,522546,15548,51,0,0,175712801,14642733
327,0,11620625,548644,0.046,139221,0.047,0.254,1,1,522546,27860,53,0,0,175712801,14642733
328,0,11620630,603380,0.05,138782,0.047,0.23,1,1,522546,19050,43,0,0,175712801,14642733
329,0,11620645,617235,0.052,163009,0.055,0.264,1,1,522546,23656,53,50804914,4233743,175712801,14642733
330,0,11620655,392090,0.033,101902,0.034,0.26,1,1,522546,20036,48,0,0,175712801,14642733
331,0,11620665,447668,0.037,103247,0.035,0.231,1,1,522546,25333,41,0,0,175712801,14642733
332,0,11620685,540861,0.045,140634,0.047,0.26,1,1,522546,22242,44,48910758,4075897,175712801,14642733
333,0,11620695,750162,0.063,227571,0.076,0.303,1,1,522546,21559,48,0,0,175712801,14642733
334,0,11620715,269729,0.023,53138,0.018,0.197,1,1,522546,16909,49,0,0,175712801,14642733
335,0,11620725,588646,0.049,144330,0.048,0.245,1,1,522546,19992,33,0,0,175712801,14642733
336,0,11620735,977798,0.082,256011,0.086,0.262,1,1,522546,24644,51,0,0,175712801,14642733
337,0,11620745,552518,0.046,106782,0.036,0.193,1,1,522546,26992,51,0,0,175712801,14642733
338,0,11620765,560811,0.047,116952,0.039,0.209,1,1,522546,33531,45,0,0,175712801,14642733
339,0,11620775,458762,0.038,87277,0.029,0.19,1,1,522546,30240,45,0,0,175712801,14642733
340,0,11650510,834837,0.057,200676,0.057,0.24,1,1,446838,21600,48,0,0,203402944,16950245
341,0,11650520,1085396,0.075,310896,0.089,0.286,1,1,446838,17413,37,0,0,203402944,16950245
342,0,11650530,1629530,0.112,392763,0.112,0.241,1,1,446838,30314,43,79416728,6618061,203402944,16950245
343,0,11650531,1106288,0.076,333422,0.095,0.301,1,1,446838,30413,42,0,0,203402944,16950245
344,0,11650540,955144,0.066,233736,0.067,0.245,1,1,446838,34993,50,9014212,751184,203402944,16950245
345,0,11650550,239703,0.016,47920,0.014,0.2,1,1,446838,12843,44,0,0,203402944,16950245
346,0,11650560,861399,0.059,236076,0.067,0.274,1,1,446838,28864,59,57818448,4818204,203402944,16950245
347,0,11650570,507929,0.035,100166,0.029,0.197,1,1,446838,24558,52,0,0,203402944,16950245
348,0,11650580,506120,0.035,109132,0.031,0.216,1,1,446838,18757,52,0,0,203402944,16950245
349,0,11650581,1103848,0.076,278801,0.08,0.253,1,1,446838,20497,43,0,0,203402944,16950245
350,0,11650590,584342,0.04,119349,0.034,0.204,1,1,446838,21804,43,55761557,4646796,203402944,16950245
351,0,11650600,533730,0.037,132647,0.038,0.249,1,1,446838,17231,53,0,0,203402944,16950245
352,0,11650610,656299,0.045,146386,0.042,0.223,1,1,446838,27358,46,1391999,116000,203402944,16950245
353,0,11650620,533165,0.037,113701,0.032,0.213,1,1,446838,23395,47,0,0,203402944,16950245
354,0,11650621,604133,0.042,136968,0.039,0.227,1,1,446838,26441,42,0,0,203402944,16950245
355,0,11650651,1230345,0.085,282145,0.081,0.229,1,1,446838,47487,49,0,0,203402944,16950245
356,0,11650652,967255,0.067,216530,0.062,0.224,1,1,446838,23882,48,0,0,203402944,16950245
357,0,11650660,600525,0.041,109748,0.031,0.183,1,1,446838,18988,45,0,0,203402944,16950245
358,1,11620685,3786026,0.168,984440,0.053,0.26,1,1,565069,18153,37,48910758,4075897,341766100,28480508
359,1,11680521,1084028,0.048,355405,0.072,0.328,1,1,565069,24419,46,30656650,2554721,341766100,28480508
360,1,11680531,1112971,0.05,332935,0.068,0.299,1,1,565069,22597,41,0,0,341766100,28480508
361,1,11680545,1181577,0.053,314911,0.064,0.267,1,1,565069,28164,50,0,0,341766100,28480508
362,1,11680565,1041640,0.046,296666,0.06,0.285,1,1,565069,30168,42,15879598,1323300,341766100,28480508
363,1,11680580,1156370,0.051,340416,0.069,0.294,1,1,565069,15232,43,41521286,3460107,341766100,28480508
364,1,11680590,997164,0.044,266393,0.054,0.267,1,1,565069,30344,41,47175724,3931310,341766100,28480508
365,1,11680600,629372,0.028,135289,0.028,0.215,1,1,565069,24968,42,2201803,183484,341766100,28480508
366,1,11680610,1362376,0.061,316541,0.064,0.232,1,1,565069,41639,49,8816043,734670,341766100,28480508
367,1,11680630,817768,0.036,220636,0.045,0.27,1,1,565069,21247,46,0,0,341766100,28480508
368,1,11680640,2728578,0.121,902319,0.184,0.331,1,1,565069,36490,52,34325174,2860431,341766100,28480508
369,1,11680650,1214876,0.054,331184,0.067,0.273,1,1,565069,37059,44,73617353,6134779,341766100,28480508
370,1,11680655,659878,0.029,153237,0.031,0.232,1,1,565069,22980,45,0,0,341766100,28480508
371,1,11680656,698877,0.031,155096,0.032,0.222,1,1,565069,34827,48,12747079,1062257,341766100,28480508
372,1,11680660,169269,0.008,28544,0.006,0.169,1,1,565069,20494,49,6962403,580200,341766100,28480508
373,1,11680670,373548,0.017,72180,0.015,0.193,1,1,565069,17360,45,0,0,341766100,28480508
374,1,11680690,445060,0.02,95531,0.019,0.215,1,1,565069,18479,50,0,0,341766100,28480508
375,1,11680700,1029991,0.046,212468,0.043,0.206,1,1,565069,44928,48,0,0,341766100,28480508
376,1,11680720,566071,0.025,109299,0.022,0.193,1,1,565069,25046,53,6517346,543112,341766100,28480508
377,1,11680730,439006,0.02,81692,0.017,0.186,1,1,565069,17131,48,0,0,341766100,28480508
378,1,11680740,361268,0.016,70074,0.014,0.194,1,1,565069,16486,35,0,0,341766100,28480508
379,1,11680750,624562,0.028,124833,0.025,0.2,1,1,565069,16858,42,12434883,1036240,341766100,28480508
380,0,11710510,432954,0.024,86067,0.021,0.199,1,0,669146,17206,54,0,0,211554140,17629512
381,0,11710520,930300,0.051,224309,0.055,0.241,1,0,669146,25504,44,0,0,211554140,17629512
382,0,11710531,317573,0.017,54789,0.013,0.173,1,0,669146,13505,44,4842104,403509,211554140,17629512
383,0,11710532,319426,0.018,55261,0.014,0.173,1,0,669146,18209,39,0,0,211554140,17629512
384,0,11710540,269924,0.015,42540,0.01,0.158,1,0,669146,22356,39,3828098,319008,211554140,17629512
385,0,11710550,367815,0.02,61198,0.015,0.166,1,0,669146,20993,45,0,0,211554140,17629512
386,0,11710561,411652,0.023,84019,0.021,0.204,1,0,669146,16736,40,15114018,1259502,211554140,17629512
387,0,11710562,855718,0.047,205655,0.05,0.24,1,0,669146,25582,54,0,0,211554140,17629512
388,0,11710566,551451,0.03,112668,0.028,0.204,1,0,669146,19588,43,0,0,211554140,17629512
389,0,11710570,880170,0.048,164644,0.04,0.187,1,0,669146,37496,45,12394050,1032838,211554140,17629512
390,0,11710580,673961,0.037,168821,0.041,0.25,1,0,669146,26436,35,6535846,544654,211554140,17629512
391,0,11710590,427840,0.023,95454,0.023,0.223,1,0,669146,21628,46,0,0,211554140,17629512
392,0,11710600,712876,0.039,177835,0.043,0.249,1,0,669146,34872,43,0,0,211554140,17629512
393,0,11710610,750320,0.041,183349,0.045,0.244,1,0,669146,33731,53,0,0,211554140,17629512
394,0,11710620,900314,0.049,186695,0.046,0.207,1,0,669146,28215,52,22411997,1867666,211554140,17629512
395,0,11710631,372471,0.02,59684,0.015,0.16,1,0,669146,906,39,0,0,211554140,17629512
396,0,11710632,720950,0.04,147030,0.036,0.204,1,0,669146,34790,32,0,0,211554140,17629512
397,0,11710641,556085,0.031,122592,0.03,0.22,1,0,669146,21722,45,9332751,777729,211554140,17629512
398,0,11710642,1139047,0.062,292153,0.071,0.256,1,0,669146,27135,58,0,0,211554140,17629512
399,0,11710646,800219,0.044,175786,0.043,0.22,1,0,669146,35513,52,19377154,1614763,211554140,17629512
400,0,11710647,831287,0.046,185960,0.045,0.224,1,0,669146,24935,53,0,0,211554140,17629512
401,0,11710650,920521,0.051,223903,0.055,0.243,1,0,669146,30048,40,0,0,211554140,17629512
402,0,11710670,878664,0.048,201440,0.049,0.229,1,0,669146,36947,41,31565848,2630487,211554140,17629512
403,0,11710680,1219239,0.067,299575,0.073,0.246,1,0,669146,36722,53,0,0,211554140,17629512
404,0,11710690,611670,0.034,128130,0.031,0.209,1,0,669146,30438,49,12413773,1034481,211554140,17629512
405,0,11710710,1136936,0.062,305505,0.075,0.269,1,0,669146,17484,53,73738501,6144875,211554140,17629512
406,0,11710720,235692,0.013,46639,0.011,0.198,1,0,669146,10449,40,0,0,211554140,17629512
407,0,11740515,827805,0.071,160317,0.069,0.194,1,0,446726,33853,51,0,0,105622521,8801877
408,0,11740520,432094,0.037,79570,0.034,0.184,1,0,446726,10218,48,7771196,647600,105622521,8801877
409,0,11740530,633464,0.055,126314,0.055,0.199,1,0,446726,22679,37,13091324,1090944,105622521,8801877
410,0,11740540,436033,0.038,83011,0.036,0.19,1,0,446726,18236,49,0,0,105622521,8801877
411,0,11740550,357787,0.031,66690,0.029,0.186,1,0,446726,27249,49,6905745,575479,105622521,8801877
412,0,11740560,241365,0.021,38558,0.017,0.16,1,0,446726,8344,43,0,0,105622521,8801877
413,0,11740570,843696,0.073,169350,0.073,0.201,1,0,446726,38312,48,0,0,105622521,8801877
414,0,11740580,410208,0.035,85179,0.037,0.208,1,0,446726,14993,35,0,0,105622521,8801877
415,0,11740590,362210,0.031,70860,0.031,0.196,1,0,446726,19070,46,0,0,105622521,8801877
416,0,11740600,998050,0.086,192343,0.083,0.193,1,0,446726,29758,56,14457938,1204828,105622521,8801877
417,0,11740610,1130617,0.097,240046,0.104,0.212,1,0,446726,36480,43,27991273,2332606,105622521,8801877
418,0,11740620,773527,0.067,165778,0.072,0.214,1,0,446726,27197,42,13147907,1095659,105622521,8801877
419,0,11740640,641536,0.055,134755,0.058,0.21,1,0,446726,21183,40,7809781,650815,105622521,8801877
420,0,11740650,665704,0.057,145009,0.063,0.218,1,0,446726,25983,49,0,0,105622521,8801877
421,0,11740660,701747,0.061,146692,0.063,0.209,1,0,446726,24463,38,0,0,105622521,8801877
422,0,11740685,1249163,0.108,252873,0.109,0.202,1,0,446726,50608,42,5671906,472659,105622521,8801877
423,0,11740690,170496,0.015,30060,0.013,0.176,1,0,446726,9293,51,8775451,731288,105622521,8801877
424,0,11740700,722784,0.062,129827,0.056,0.18,1,0,446726,28807,55,0,0,105622521,8801877
